Sequence,Bacteria,Actual_MIC,Predicted_MIC,Absolute_Error
KLLKKLLKWLK,MRSA,-0.5513326,-0.54942507,0.0019075274
LLKWLKKLLKK,P. aeruginosa,-0.552149,-0.54983395,0.0023150444
KWCFRVCYRGICYARCR,A. baannii,-0.552951,-0.54896057,0.0039904118
RSTEDIIKSISGGGFLNAMNA,0,1.8114218,1.793607,0.017814755
LNLKALLAVAKKAL,E. coil,-0.55066043,-0.5498972,0.0007632375
GIHDILKYGAPS,0,1.8114218,1.7957097,0.015712023
KWCFRVCYRGACYRRCR,A. baannii,-0.55293655,-0.5491347,0.0038018823
RRLRPRRPRLPRPRPRPRPRPR,MRSA,-0.5527664,-0.54592913,0.006837249
WVKAAAKAAAKVW,0,1.8114218,1.7977747,0.0136470795
GILGNIVGMGKKVVCGLSGLC,E. coil,-0.5513528,-0.548889,0.0024638176
RWTWRGSGRWTWR,0,1.8114218,1.7876136,0.023808122
EMLKKKKEVKMERKT,0,1.8114218,1.7958556,0.015566111
AWCFRVCYRGACYRRCR,A. baannii,-0.5529337,-0.5489156,0.0040180683
GVITDALKGAAKTVAAELLRKAHCKLTNSC,E. coil,-0.5521894,-0.5469522,0.0052372217
GLMSVLKGVLKTAGKHIFKNVGGSLLDQAKCKITGQC,K. pneoniae,-0.5512374,-0.5405553,0.010682106
GLLSGVLGVGKKIVCGLSGLC,E. coil,-0.55221826,-0.54853153,0.003686726
SYVGDCGSNGGSCVSSYCPYGNRLNYFCPLGRTCCRHAYV,E. coil,-0.5515836,-0.55010426,0.0014793277
KWCFRVCYRAICYRRCR,MRSA,-0.55290484,-0.5485804,0.004324436
KWKIFKKIEKVGRNVRDGIIKAGPAVQVVGQATSIAK,K. pneoniae,-0.55181146,-0.5482351,0.0035763383
KWLKKLLKKLL,MRSA,-0.5513326,-0.5493025,0.0020300746
RWCFRVCYRGICYRRCR,A. baannii,-0.55295384,-0.54860365,0.0043501854
GLLGPLLKIAAKVGSKLL,E. coil,-0.55115086,-0.5490352,0.0021156669
GLFTKFAGKGIKDLIFKGVKHIGKEVGMDVIRVGIDVAGCKIKGVC,E. coil,-0.55262214,-0.5487903,0.0038318634
LVQRGRFGRFLRKIRRFRPKVTITIQGSARFG,P. aeruginosa,-0.5518144,-0.54806465,0.0037497282
CVKVRVKVGSGVKVRVKVC,E. coil,-0.5528817,-0.54894394,0.003937781
ALWKNMLKGIGKLAGQAALGAVKTLVGAE,E. coil,-0.55221826,-0.5487741,0.0034441352
TRSRWRRFIRGAGRFARRYGWRIAL,P. aeruginosa,-0.55269426,-0.547244,0.0054502487
GIHHILKYGKPS,0,1.8114218,1.799972,0.011449695
KWCARVCARGACYRRCR,K. pneoniae,-0.5507268,-0.5495584,0.0011683702
FKRAVQRIKDFLR,E. coil,-0.5515259,-0.5502552,0.0012707114
TRSRWRRFIRGAGRFARRYGWRIA,E. coil,-0.5528731,-0.5469928,0.005880296
KFFKKLKKAVKKGFKKFAKV,E. coil,-0.55146533,-0.54891354,0.002551794
LNLAALLAVAKKIL,E. coil,-0.55066043,-0.54968345,0.0009769797
FLPAVIRVAANVLPTVFCAISKKC,0,1.8114218,1.7944741,0.016947627
KWCFRRCYAGICYRRCR,P. aeruginosa,-0.55090857,-0.54974705,0.0011615157
GLFDVVKGVLKGVGKNVAGSLLEQLKCKLSGGC,0,1.8114218,1.7909465,0.020475268
LKKLLKLHKKLLKLAG,E. coil,-0.5522471,-0.549705,0.0025420785
GURRLUYKQRUVTYURGR,P. aeruginosa,-0.55239135,-0.5485265,0.0038648248
FRFGSFLKKVWKSKLAKKLRSKGKQLLKDYANKVLNGPEEEAAAPAE,K. pneoniae,-0.55216056,-0.5489852,0.0031753778
WLSKTAKKLWLSKTAKKLWLSKTAKKL,E. coil,-0.55239135,-0.5483712,0.0040201545
KWCFRACYRGICYRRCR,K. pneoniae,-0.55293655,-0.5488654,0.004071176
KWCSRVCYRGICYRRCR,A. baannii,-0.5529019,-0.5488071,0.004094839
KWAFRVCYRGICYRRSR,P. aeruginosa,-0.55088836,-0.5494564,0.001431942
wFKKlLKkAlrLWKkVL,P. aeruginosa,-0.5519182,-0.5504099,0.0015082955
FFSLIPSLVKKLIKAFK,P. aeruginosa,-0.55161244,-0.5490532,0.0025592446
KWCFRVCYRGGCYRRCR,K. pneoniae,-0.55293655,-0.54900074,0.003935814
KWCFRVCGRGICYRRCR,P. aeruginosa,-0.5524346,-0.549756,0.0026786327
RLKELITTGGQKIGEKIRRIGQRIKDFFKNLQPREEKS,K. pneoniae,-0.5526077,-0.5444586,0.008149087
AWCFRVCYRGACYRRCR,E. coil,-0.552951,-0.549481,0.0034700036
GLWNSIKIAGKKLFVNVLDKIRCKVAGGC,0,1.8114218,1.7891781,0.022243619
LNLKALLAVAKKIL,E. coil,-0.5518144,-0.54984057,0.0019738078
GFAWNVCVYRNGVRVCHRRAN,P. aeruginosa,-0.5525038,-0.549364,0.0031398535
EPFKISIHL,0,1.8114218,1.7962835,0.0151382685
GVFTLIKGATQLIGKTLGKEVGKTGLELMACKITKQC,E. coil,-0.5523625,-0.545037,0.00732553
KRFKKFFRKLKKSVKKRKKEFKKKPRVIKVSIPF,K. pneoniae,-0.551898,-0.5480068,0.0038912296
TNYGNGVGVPDAIMAGIIKLIFIFNIRQGYNFGKKAT,K. pneoniae,-0.5529135,-0.54361886,0.009294629
KLLKKLLKWLK,E. coil,-0.55255866,-0.55002326,0.0025354028
GAHDILKYGKPS,0,1.8114218,1.7985027,0.012919068
LAKKIYRAWKRR,P. aeruginosa,-0.5518144,-0.5477039,0.0041104555
IRPAKLRWFKKIK,0,1.8114218,1.7968102,0.014611602
GRFKRFRKKFKKLFKKLSPVIPLLHLG,MRSA,-0.5526192,-0.54839003,0.004229188
CGIYRSLKLIKSLVLIK,MRSA,-0.55103546,-0.54795873,0.0030767322
RRLRPRRPRLPRPRPRPRPRPR,E. coil,-0.55279523,-0.54660416,0.006191075
KKWRWWLKALAKKLL,A. baannii,-0.55238265,-0.5473396,0.00504303
KWKLFKKI,0,1.8114218,1.8002222,0.011199594
SLLDTFKNLAVNAAKSAGVSVLNALSCKISRTC,0,1.8114218,1.7957704,0.015651345
FRIRVRVKWKLFKKI,E. coil,-0.55239135,-0.5490948,0.003296554
KRVKRFKKFFRKIKKGFRKIFKKTKIFIGGT,E. coil,-0.5528183,-0.5486901,0.0041282177
GLISGILGVGKKLVCGLSGLC,E. coil,-0.5512951,-0.5487878,0.002507329
FVPWFSKFLKRIL,A. baannii,-0.5520668,-0.5463616,0.005705178
VDKPPYLPRPRPPRRIYNR,A. baannii,-0.5529077,-0.54271525,0.010192454
LAKKIYRKWKRW,MRSA,-0.55066043,-0.5433949,0.007265508
FFKLIPKLVKKLIKAFK,E. coil,-0.55262214,-0.5492386,0.0033835173
IHKFWRPGRWFKHI,E. coil,-0.55066043,-0.5496637,0.0009967089
GURRLUYKQRUVTYURGR,K. pneoniae,-0.55066043,-0.5476503,0.0030101538
FLPLVTMLLGKLF,0,1.8114218,1.7949796,0.01644218
IDWKKLLDAAKQIL,0,1.8114218,1.7963736,0.015048146
KWKIFKKIEKVGRNVRDGIIKAGPAVQVVGQATSIAK,P. aeruginosa,-0.5524692,-0.5489893,0.003479898
AIGSILGALAKGLPTLISWIKNR,0,1.8114218,1.7959214,0.015500307
RIKRFWPVVIRT,E. coil,-0.5523221,-0.5504033,0.0019187927
KWAFRVAYRGIAYRRAR,E. coil,-0.55188936,-0.54848206,0.0034072995
KFRKFGKQVWVRL,E. coil,-0.55083644,-0.54896945,0.0018669963
LKKLLKLLKKLLKAAG,0,1.8114218,1.7938447,0.017577052
KWAFRVCYRGICYRRSR,MRSA,-0.55088836,-0.54890877,0.0019795895
KWCFRVCYRGICYARCR,MRSA,-0.5529019,-0.54897463,0.0039272904
GIHDILAYGKPS,0,1.8114218,1.79622,0.015201807
KWCFRVAYRGIAYRRCR,P. aeruginosa,-0.55283844,-0.5497766,0.003061831
INTWNTTATSTSIIISETFGNKGKVCTYTVECVNNCRG,0,1.8114218,1.7801592,0.031262517
GCRRLCYKQRCVTYCRGpPR,K. pneoniae,-0.55267984,-0.5477145,0.004965365
SVLGTVKDLLIGAGKSAAQSVLTALSCKLSNSC,E. coil,-0.5524779,-0.5467745,0.0057033896
RRLIRLWLRLLR,K. pneoniae,-0.5518144,-0.54857767,0.003236711
KRGFGCNGPWNEDDLRCHNHCKSIKGYKGGYCAKGGFVCKCY,MRSA,-0.5527087,-0.548135,0.004573703
WKVKWKVKWKVK,P. aeruginosa,-0.5518144,-0.5490616,0.002752781
SVMGTVKDLLIGAGKSAAQSVLKSLSCKISNDC,E. coil,-0.55256444,-0.5469019,0.0056625605
RIRWILRYWRWS,E. coil,-0.55239135,-0.54864496,0.0037463903
NPVSCVRNKGICVPIRCPGSMKQIGTCVGRAVKCCRKK,P. aeruginosa,-0.5512057,-0.5482687,0.0029370189
RIFSKIGGKAIKNLILKGIKNIGKEVGMDVIRTGIDVAGCKIKGEC,0,1.8114218,1.6655191,0.14590263
GLFSKFAGKGIKDLIFKGVKHIGKEVGMDVIRVGIDVAGCKIKGVC,E. coil,-0.552651,-0.54775333,0.004897654
KWSFRVCYRGICYRRAR,K. pneoniae,-0.55283844,-0.5485828,0.0042556524
WLSKTAKKLWLSKTAKKL,E. coil,-0.55066043,-0.548094,0.0025664568
FKRGVQRIKDFLR,0,1.8114218,1.7980595,0.0133622885
LRRLLRWLRRLLRR,K. pneoniae,-0.5525096,-0.54791325,0.0045963526
LNLKGLFKKVASLLT,0,1.8114218,1.7971032,0.014318585
WWKAAAKAAAKWW,P. aeruginosa,-0.55066043,-0.5461136,0.004546821
KKWRKLLKWLAKK,P. aeruginosa,-0.55275196,-0.549046,0.0037059784
KWCFRVCYRGACYRRCR,K. pneoniae,-0.55293655,-0.5487762,0.0041603446
AKRIVQRIKDFLR,0,1.8114218,1.7990692,0.012352586
IWRIFRRIF,E. coil,-0.55066043,-0.55050737,0.00015306473
RIKRFWPVVIRTVVAGYNLYRAIKK,E. coil,-0.55263656,-0.54882216,0.0038143992
FLPLIASLAANFVPKIFCKITKKC,0,1.8114218,1.794909,0.016512752
KWCFAVCYRGICYRRCR,E. coil,-0.552951,-0.54940164,0.0035493374
LIKKIYRKWKRW,MRSA,-0.55066043,-0.5472166,0.0034438372
GLLRASSVWGRKYYVDLAGCAKA,0,1.8114218,1.7925,0.018921733
WGEAFSAGVHRLANGGNG,0,1.8114218,1.794127,0.017294765
GIFSKFAGKGIKNLLVKGVKNIGKEVGMDVIRTGIDIAGCKIKGEC,0,1.8114218,1.708903,0.1025188
FFSLIPSLVGGLISAFK,0,1.8114218,1.7940149,0.017406821
GLLGPLLKIAAKVGSNLL,E. coil,-0.5515259,-0.54901385,0.0025120378
DLRDSWKVIGSDKK,0,1.8114218,1.7953739,0.016047835
RIVQRIKKWLLKWKKLGY,0,1.8114218,1.7835252,0.027896523
RRLRPRRPRLPRPRPRPRPRPR,P. aeruginosa,-0.552651,-0.5465668,0.0060842037
KWCFRVSYRGIAYRRCR,P. aeruginosa,-0.5519298,-0.5496829,0.0022468567
KWCFRRCYAGICYRRCR,MRSA,-0.55090857,-0.5491949,0.0017136931
KFKKLFKKLSPVFKRIVQRIKDFLR,0,1.8114218,1.7430898,0.06833196
GIFSKISGKAIKNLFIKGAKNVGKEVGMDVVRTGIDVVGCKIKGEC,E. coil,-0.55244905,-0.54843086,0.0040181875
GIHDILKAGKPS,0,1.8114218,1.7986102,0.012811542
IKLSKETKKNLKKVLKGAIKGAIAVAKMV,K. pneoniae,-0.5511653,-0.5460337,0.0051316023
GGLKKLGKKLEGAGKRVFKASEKALPVVVGIKAIGK,A. baannii,-0.5528904,-0.54824376,0.004646659
RIKRFWPVVIRTVVAGYNLYRAI,E. coil,-0.5520019,-0.5492691,0.0027328134
GCRFCCNCCPNMSGCGVCCRF,0,1.8114218,1.7808025,0.030619264
LKLLKWLLKLL,0,1.8114218,1.7939204,0.017501354
KKTWWKTWWTKWSQPKKKRKV,MRSA,-0.55267984,-0.54315096,0.009528875
GIFGKILGVGKKTLCELSGMC,E. coil,-0.5521317,-0.5491406,0.00299114
WRVRWKVRWRVK,P. aeruginosa,-0.5518144,-0.5484525,0.0033618808
KKLLKKLLKWL,E. coil,-0.55255866,-0.54952294,0.0030357242
KWCFRVSYRGIAYRRCR,MRSA,-0.55088836,-0.549021,0.0018673539
QCRRLCYKQRCVTYCRGR,K. pneoniae,-0.5520596,-0.5475762,0.004483402
GWFKKAWRKVKHAGRRVLDTAKGVGRHYLNNWLNRYRG,A. baannii,-0.55246633,-0.548006,0.004460335
RRSRRGRGGGRRGGSGGRGGRGGGGRSGAGSSIAGVGSRGGGGGRHYA,MRSA,-0.55256444,-0.54532003,0.007244408
KWCFRVCYAGICYRRCR,K. pneoniae,-0.5529654,-0.54879296,0.0041724443
KLLKKLLKWLK,K. pneoniae,-0.55255866,-0.54929936,0.0032593012
GIHAILKYGKPS,0,1.8114218,1.8001766,0.0112451315
FVPWFSKFLWRIL,A. baannii,-0.5520668,-0.54397917,0.008087635
kFwSLLkKALRLwANVL,P. aeruginosa,-0.55186343,-0.549651,0.0022124052
ONNRPVYIPRPRPPHPRL,K. pneoniae,-0.5508653,-0.5459978,0.004867494
FLSTIWNGIKSLL,0,1.8114218,1.7960434,0.015378356
FLSTLLNVASKVVPTLFCKITKKC,0,1.8114218,1.795335,0.016086698
ALWLAIRKR,0,1.8114218,1.7988774,0.012544394
GFGSLLGKALRLGANVL,E. coil,-0.5516009,-0.5492336,0.002367258
KWCFRRCYAGICYRRCR,K. pneoniae,-0.55090857,-0.54896736,0.0019412041
GRRKRKWLRRIGKGVKIIGGAALDHL,P. aeruginosa,-0.5528731,-0.548696,0.0041770935
KRFKKFFRKLKKSVKKRAKEFFKKPRVIGVSIPF,E. coil,-0.5524173,-0.54839385,0.0040234327
KWCFRVCYRGICARRCR,K. pneoniae,-0.55293655,-0.5485571,0.0043794513
GLLSVLKGVLKTAGKHIFKNVGGSLLDQAKCKISGQC,P. aeruginosa,-0.55210286,-0.54684776,0.005255103
AWCFRVCYRGACYRRCR,MRSA,-0.5524375,-0.54898596,0.0034515262
WGRAFSAGVHRLARGGRG,0,1.8114218,1.795254,0.01616776
GGLRSLGRKILRAWKKYGPQATPATRQ,E. coil,-0.55267984,-0.54710734,0.005572498
KWCARVCARGACYRRCR,MRSA,-0.5507268,-0.54979944,0.00092732906
KIRTRRSOARKOSRGNGGGIROPGGGIRLGGGSLIGR,E. coil,-0.55239135,-0.54289,0.009501338
FLPMLAGLAANFLPKIVCKITKKC,0,1.8114218,1.7939007,0.017521024
LLKWLLKWLLK,MRSA,-0.5519759,-0.5488644,0.0031114817
KWAFRVCYRGICYRRAR,E. coil,-0.55293655,-0.54919493,0.003741622
FFHHIFRGIVHVGKTIHKLVTG,P. aeruginosa,-0.5515259,-0.54944205,0.002083838
NLLGSLLKTGLKVGSNLL,0,1.8114218,1.7967443,0.014677405
TRSRWRRFIRGAGRFARRYGWRIAL,E. coil,-0.552876,-0.54684764,0.006028354
FLGALFKVASKVLPSVFCAITKKC,0,1.8114218,1.7934253,0.01799643
FFKLIPKLVKGLISAFK,E. coil,-0.55229324,-0.5492194,0.0030738115
KFWKLLKKALRLWAKVL,P. aeruginosa,-0.5508133,-0.549937,0.0008763075
LLPWKWPWWKWRR,0,1.8114218,1.7921596,0.019262195
GCRRLCYKQRCVTYCRGpPR,P. aeruginosa,-0.5518144,-0.5483848,0.0034295917
KWCFRACYRGICYRRCR,E. coil,-0.55293655,-0.54944235,0.003494203
GFGSLFKFLAKKVAKTVAKQAAKQGAKYVANKHMQ,E. coil,-0.55287886,-0.5455258,0.0073530674
INWKGIAAMKKLL,0,1.8114218,1.7985666,0.012855172
FLQRIIGAWGRLL,MRSA,-0.5511797,-0.5482424,0.002937317
RWFKIQMQIRRWKNKK,0,1.8114218,1.7957126,0.015709162
GAFGNFLKGVAKKAGLKILSIAQCKLSGTC,P. aeruginosa,-0.5517855,-0.5488343,0.0029512048
CWKWKWKWGSGWKWKWKWC,E. coil,-0.5529354,-0.5467788,0.0061566234
FKRIGQRIKDFLR,E. coil,-0.5515259,-0.5500308,0.0014950633
KRFKKFFKKLKNSVKKRAKKFFKKPKVIGVTFPF,P. aeruginosa,-0.55227596,-0.54879844,0.0034775138
RRWCFRVCYRGFCYRKCR,P. aeruginosa,-0.55285287,-0.5489229,0.0039299726
RRWSFRVSYRGFSYRKSR,P. aeruginosa,-0.55104125,-0.54571986,0.0053213835
ALWKDILKNVGKAAGKAVLNTVTDMVNQ,E. coil,-0.5515259,-0.5487436,0.0027822852
kFWKlLKkAlrLWAkVL,P. aeruginosa,-0.55188936,-0.549937,0.0019523501
RLCRIWWIRWCR,P. aeruginosa,-0.5518144,-0.5502491,0.0015652776
ALWKNMLKGIGKLAGQAALGAVKTLVGAE,P. aeruginosa,-0.5523048,-0.5491529,0.0031518936
VPLAIKIYRAWKRR,P. aeruginosa,-0.55066043,-0.5493461,0.001314342
LNLKKLLKVAKKIL,E. coil,-0.55066043,-0.54994994,0.00071048737
KCRRLCYRQRCVTYCRGR,K. pneoniae,-0.55066043,-0.5477854,0.00287503
GIMDTVKNAAKNLAGQLLDKLKCKITAC,0,1.8114218,1.7928022,0.018619537
ATNIPFKVHFRCKAAFC,0,1.8114218,1.7977715,0.013650298
QLPICGETCVLGGCYTPNCRCQYPICVR,E. coil,-0.5522471,-0.5498878,0.0023593307
INLKILARLAKKIL,A. baannii,-0.55210286,-0.5483448,0.0037580729
RVKRFWPLVPVAINTVAAGINLYKAIRRK,K. pneoniae,-0.55267984,-0.54699516,0.005684674
WLKKLLKKLLK,P. aeruginosa,-0.5513326,-0.5500011,0.0013315082
ILPFVAGVAAEMMEHVYCAASKKC,E. coil,-0.55149704,-0.54764885,0.003848195
WRLRWRLRWRLR,P. aeruginosa,-0.5518144,-0.5473408,0.004473567
GFGSLFKFLAKKVAKTVAKQAAKQGAKYVANKHME,P. aeruginosa,-0.5529221,-0.54762995,0.005292177
GFSSIFRGVAKFASKGLGKDLAKLGVDLVACKISKQC,K. pneoniae,-0.5515259,-0.546751,0.0047748685
LLKLLLKLLLKLL,0,1.8114218,1.791191,0.02023077
GFWGKLWEGVKSAI,MRSA,-0.5518259,-0.54812676,0.0036991239
FLPIPRPILLGLL,0,1.8114218,1.7937381,0.017683625
KACFRVCYRGICYRRCR,K. pneoniae,-0.5529019,-0.5490469,0.0038550496
IKLSPETKkNLKKVLKGAIKGAIAVAKMV,A. baannii,-0.552074,-0.5403924,0.011681616
GWFKKAWRKVKNAGRRVLKGVGIHYGVGLIZ,P. aeruginosa,-0.5523105,-0.54925466,0.0030558705
LNLKALLAVAAKIL,E. coil,-0.55066043,-0.5497319,0.00092852116
GFMDTAKNVAKNVAVTLLDKLKCKITGGC,0,1.8114218,1.7947929,0.016628861
KRFKKFFRKLKKSVKKRAKEFFKKPRVIGVSIPF,MRSA,-0.55077004,-0.5485606,0.002209425
ILGPVISTIGGVLGGLLKNL,0,1.8114218,1.79438,0.017041802
GRFKRFRKKFKKLFKKLSPVIPLLHLG,E. coil,-0.5528817,-0.54852617,0.00435555
AWCFRVCARGICYRRCR,K. pneoniae,-0.5529337,-0.54921716,0.0037165284
KKLLKKLLKWL,MRSA,-0.552149,-0.54904264,0.0031063557
kFwKLLkKAlrLwKkVL,P. aeruginosa,-0.5519182,-0.55026436,0.0016538501
KWCFRVCYAGICYRRCA,MRSA,-0.55269426,-0.549476,0.0032182336
RISFKKGKGSWIKNGLIKGIKGLGKEISLDVIRTGIDIAGCKIKGEC,E. coil,-0.5515259,-0.54769486,0.003831029
KWCGRVCYRGICYRRCR,K. pneoniae,-0.5528356,-0.5486732,0.004162371
ISRLAGLLRKGGEKIGEKLKKIGQKIKNFFQKLVPQPE,E. coil,-0.55267984,-0.5474152,0.00526464
IKLSKETKDNLKKVLKGAIKGAIAVAKMV,A. baannii,-0.5511653,-0.53710234,0.014062941
OIOIORPVYOPRPRPPHPRL,P. aeruginosa,-0.5520163,-0.5455422,0.0064741373
LKKLLKLGKKLLKLAG,E. coil,-0.5522471,-0.5496291,0.0026180148
GLLSRLRDFLSDRGRRLGEKIERIGQKIKDLSEFFQS,P. aeruginosa,-0.55239135,-0.5478777,0.0045136213
KWAFRVCYRGICYRRSR,K. pneoniae,-0.55088836,-0.5487205,0.0021678805
WRFRWKTRWRFK,P. aeruginosa,-0.55066043,-0.5465205,0.00413996
KWCFRVCYRAICYRRCR,E. coil,-0.5529596,-0.5491,0.0038596392
GLADYWRTAFRANFANLGPGIRCKSARC,P. aeruginosa,-0.5512374,-0.5475376,0.0036997795
FLPIAGKLLSGLSGLL,P. aeruginosa,-0.552074,-0.5490281,0.0030459166
FRIRVRV,0,1.8114218,1.7980261,0.013395667
RGFRKHFNKLVKKVKHTISETAHVAKDTAVIAGSGAAVVAAT,P. aeruginosa,-0.5528558,-0.5402534,0.012602389
ILKKIWKaIKKLF,P. aeruginosa,-0.55239135,-0.5502377,0.002153635
FRIRVRVFKRIVQRIKDFLR,E. coil,-0.55267984,-0.5486327,0.0040471554
WKLKWKLKWKLK,E. coil,-0.5518144,-0.5482312,0.0035831928
CVKVSVKVGSGVKVSVKVC,P. aeruginosa,-0.5527828,-0.54850733,0.004275441
IKLSPkTKkNLKKVLKGAIKGAIAVAKMV,P. aeruginosa,-0.5511653,-0.5483923,0.002772987
SHQDCYEALHKCMASHSKPFSCSMKFHMCLQQQ,MRSA,-0.55147976,-0.54703933,0.004440427
GVLGTVKDLLIGAGKSAAQSTLKTLSCKISNDC,E. coil,-0.55244905,-0.54589564,0.0065534115
LNLKALAAVAKKIL,P. aeruginosa,-0.55066043,-0.5500315,0.0006289482
GNLKALLAVAKKIL,E. coil,-0.5518144,-0.5499351,0.0018792748
KRFKKFFKKLKNSVKKRAKKFFKKPRVIGVSIPF,E. coil,-0.5524144,-0.5486266,0.0037878156
KIKWILKYWKWS,P. aeruginosa,-0.5518144,-0.5488045,0.0030098557
KWCFRVCGRGICYRRCR,A. baannii,-0.5529019,-0.54926044,0.0036414862
FFSLIPSLVKKLIKAFK,E. coil,-0.5523048,-0.54882973,0.00347507
IWSAIWSGIKGLL,P. aeruginosa,-0.55239135,-0.5488161,0.0035752654
FLQRIIGALGRLF,MRSA,-0.552074,-0.5484881,0.0035859346
GLFTLIKGAVKMIGKTVAKEAGKTGLELMACKVTNQC,E. coil,-0.552651,-0.54619706,0.0064539313
KFFKKLKNSVKKRAKKFFKKPRVIGVSIPF,K. pneoniae,-0.5527173,-0.54807734,0.004639983
GILSGILGVGKMLVCGLSGLC,E. coil,-0.55210286,-0.5488967,0.0032061934
KFFKKLKKAVKKGFKKFAKV,MRSA,-0.5525933,-0.54864335,0.00394994
GLVRKGGEKFGEKLRKIGQKIKEFFQKLALEIEQ,P. aeruginosa,-0.55276924,-0.54862505,0.0041441917
FLIGMTQGLICLITRKC,0,1.8114218,1.7949351,0.016486645
FFPIVGKLLS,0,1.8114218,1.7971551,0.01426661
wFwKLLwKAlrLwWkVL,A. baannii,-0.5510239,-0.54815304,0.0028708577
KWSFRVCYRGICYRRAR,P. aeruginosa,-0.55283844,-0.54947317,0.0033652782
HSSGYTRPLPKPSRPIFIRPIGCDVCYGIPSSTARLCCFRYGDCCHR,0,1.8114218,1.7863188,0.025102973
AKKLLKLLKKLLKLAG,E. coil,-0.5515259,-0.54984313,0.0016827583
RIKRFWPVVIRTVVAGY,E. coil,-0.5524779,-0.54970354,0.0027743578
VNFKLLSHSLLVTLASHL,E. coil,-0.5511595,-0.5492426,0.0019168854
FLPILAGLAANILPKVFCSITKKC,0,1.8114218,1.7940825,0.01733923
WWKAAAKAAAKWW,E. coil,-0.55239135,-0.5460272,0.0063641667
IDWKKLLNAAKQIL,0,1.8114218,1.796696,0.014725804
GRFRRLRKKTRKRLKKIGKVLKWIPPIVGSIPLG,MRSA,-0.5518144,-0.5476447,0.0041697025
AAPRGGKGFFCKLFKDC,0,1.8114218,1.7914873,0.019934416
RRWWWR,0,1.8114218,1.7941265,0.017295241
RQIKIWFQNRRLKWKK,0,1.8114218,1.7944715,0.01695025
LKWLLKWLL,MRSA,-0.552374,-0.5491154,0.003258586
RIKRFWPVVIRTVVAGYNLYRAIK,E. coil,-0.55273753,-0.54906404,0.0036734939
kFwKLLkKAlrLwKkVL,E. coil,-0.5519182,-0.5499272,0.0019910336
GWKKWFTKGERLSQRHFA,0,1.8114218,1.7939906,0.01743114
FFHHIFRGIVHVGKTIHKLVTG,K. pneoniae,-0.5522471,-0.54765433,0.0045927763
CVKVSVKVGSGVKVSVKVC,K. pneoniae,-0.5527828,-0.5476808,0.005101979
GILDTLKQFAKGVGKWLVKGAAQGVLSTVSCKLAKTC,K. pneoniae,-0.55221534,-0.54169494,0.010520399
GIGKFLKKAKKFGKAFVKILKK,P. aeruginosa,-0.5511076,-0.5490303,0.0020772815
WLSKTAKKL,0,1.8114218,1.8004829,0.010938883
GIFSLIKGAAKLITKTVAKEAGKTGLELMACKVTNQC,0,1.8114218,1.786582,0.024839759
LVQRGRFGRFLRKIRRFRPKVTITIQGSARFG,E. coil,-0.55267984,-0.54763913,0.005040705
INWKGIAAMAKKLL,E. coil,-0.55158067,-0.54933715,0.0022435188
RVKRFWPLVPVAINTVAAGINLYKAIRRK,E. coil,-0.55239135,-0.5480093,0.004382074
